{
  "coords": [
    [
      37.454011884736246,
      95.07143064099162
    ],
    [
      73.1993941811405,
      59.86584841970366
    ],
    [
      15.601864044243651,
      15.599452033620265
    ],
    [
      5.8083612168199465,
      86.61761457749351
    ],
    [
      60.11150117432088,
      70.80725777960456
    ],
    [
      2.0584494295802447,
      96.99098521619943
    ]
  ],
  "distance": [
    [
      0.0,
      50.17,
      82.42,
      32.76,
      33.2,
      35.45
    ],
    [
      50.17,
      0.0,
      72.64,
      72.51,
      17.06,
      80.25
    ],
    [
      82.42,
      72.64,
      0.0,
      71.69,
      70.92,
      82.51
    ],
    [
      32.76,
      72.51,
      71.69,
      0.0,
      56.56,
      11.03
    ],
    [
      33.2,
      17.06,
      70.92,
      56.56,
      0.0,
      63.68
    ],
    [
      35.45,
      80.25,
      82.51,
      11.03,
      63.68,
      0.0
    ]
  ],
  "demand": [
    0,
    6,
    2,
    5,
    1,
    6
  ],
  "vehicle_capacity": 50,
  "num_vehicles": 2,
  "depot": 0
}