{
  "coords": [
    [
      37.454011884736246,
      95.07143064099162
    ],
    [
      73.1993941811405,
      59.86584841970366
    ],
    [
      15.601864044243651,
      15.599452033620265
    ],
    [
      5.8083612168199465,
      86.61761457749351
    ],
    [
      60.11150117432088,
      70.80725777960456
    ],
    [
      2.0584494295802447,
      96.99098521619943
    ],
    [
      83.24426408004217,
      21.233911067827616
    ],
    [
      18.182496720710063,
      18.34045098534338
    ],
    [
      30.42422429595377,
      52.475643163223786
    ],
    [
      43.194501864211574,
      29.122914019804192
    ],
    [
      61.18528947223795,
      13.949386065204184
    ]
  ],
  "distance": [
    [
      0.0,
      50.17,
      82.42,
      32.76,
      33.2,
      35.45,
      86.88,
      79.11,
      43.17,
      66.2,
      84.52
    ],
    [
      50.17,
      0.0,
      72.64,
      72.51,
      17.06,
      80.25,
      39.92,
      68.93,
      43.41,
      42.96,
      47.46
    ],
    [
      82.42,
      72.64,
      0.0,
      71.69,
      70.92,
      82.51,
      67.88,
      3.76,
      39.74,
      30.73,
      45.61
    ],
    [
      32.76,
      72.51,
      71.69,
      0.0,
      56.56,
      11.03,
      101.35,
      69.39,
      42.09,
      68.58,
      91.36
    ],
    [
      33.2,
      17.06,
      70.92,
      56.56,
      0.0,
      63.68,
      54.71,
      67.16,
      34.89,
      44.99,
      56.87
    ],
    [
      35.45,
      80.25,
      82.51,
      11.03,
      63.68,
      0.0,
      111.04,
      80.29,
      52.78,
      79.36,
      101.94
    ],
    [
      86.88,
      39.92,
      67.88,
      101.35,
      54.71,
      111.04,
      0.0,
      65.13,
      61.37,
      40.82,
      23.23
    ],
    [
      79.11,
      68.93,
      3.76,
      69.39,
      67.16,
      80.29,
      65.13,
      0.0,
      36.26,
      27.24,
      43.23
    ],
    [
      43.17,
      43.41,
      39.74,
      42.09,
      34.89,
      52.78,
      61.37,
      36.26,
      0.0,
      26.62,
      49.3
    ],
    [
      66.2,
      42.96,
      30.73,
      68.58,
      44.99,
      79.36,
      40.82,
      27.24,
      26.62,
      0.0,
      23.54
    ],
    [
      84.52,
      47.46,
      45.61,
      91.36,
      56.87,
      101.94,
      23.23,
      43.23,
      49.3,
      23.54,
      0.0
    ]
  ],
  "demand": [
    0,
    3,
    7,
    4,
    9,
    3,
    5,
    3,
    7,
    5,
    9
  ],
  "vehicle_capacity": 100,
  "num_vehicles": 1,
  "depot": 0
}